Model,corr_luminance,corr_density,corr_blur
pretrained,0.3911193342351334,-0.0799337842206939,-0.11004790356725241
scratch,0.05220665993730059,-0.0746332174678435,-0.12995272159916554
