Model,precision,recall,f1
pretrained,0.29279478458049885,0.2822222222222222,0.2561623693766551
scratch,0.03571428571428571,0.01607142857142857,0.020255102040816327
