Model,pearson_r,r_squared,p_value,n_samples
pretrained,0.018217675350816462,0.0003318836951877457,0.8810108035953113,70
scratch,-0.04367274213067897,0.0019073084052127817,0.7196066160419956,70
